n_taylor,b_RMSE,cel_RMSE,cea_RMSE,cpa_RMSE,μl_RMSE,μa_RMSE
1,4.497770192513684,0.01066159092600708,0.009028251837679645,0.0012681418440408628,0.1994287211836862,0.19790821696149064
2,6.74678102415935,0.012469822459832374,0.012081857654967209,0.004845655944580716,0.20707790643302867,0.007681105767596114
3,4.258128428481077,0.009597724214566209,0.007180284878988099,0.0006980361458792979,0.19951823128501125,0.19790821696149064
4,6.74678102415935,0.012469822459832374,0.012081857654967209,0.004845655944580716,0.20707790643302867,0.007681105767596114
5,3.923737096554453,0.008536559040380445,0.005456947917511405,0.0006930057694238443,0.19952568498726073,0.19790821696149064
6,6.74678102415935,0.012469822459832374,0.012081857654967209,0.004845655944580716,0.20707790643302867,0.007681105767596114
7,3.539441982694662,0.00745516814602955,0.003899801630490764,0.0006929702056275856,0.1995257802742839,0.19790821696149064
